idna_subject,checker_type,destination,tested_at
"ck-czestochowa.pl,jamyoni.org.pl,makeupmyday.pl,polityka-spoleczna.lubuskie.pl,polskie-cmentarze.pl,powiat-zielonogorski.pl,relpol.pl",AVAILABILITY,origin.list,2023-07-21 05:11:22.035169
"copernicuscenter.edu.pl,copernicusfestival.com,filozofiawnauce.pl,naukaireligia.pl",AVAILABILITY,origin.list,2023-07-21 05:11:22.254899
"cepelia.com.pl,kultura-regionow.pl,mcksokol.pl,muzeum.sacz.pl,sandecja.org,sandecja.tv",AVAILABILITY,origin.list,2023-07-21 05:11:23.411883
"credstepfunds.pl,csir.pl,jasfbg.com.pl,rik.pl",AVAILABILITY,origin.list,2023-07-21 05:11:23.691908
.pl,AVAILABILITY,origin.list,2023-07-21 05:11:24.058313
"cmentarz-szprotawa.pl,darkarea.pl,naklejkolandia.pl",AVAILABILITY,origin.list,2023-07-21 05:11:25.124534
"cineman.pl,mojeekino.pl,tv-trwam.pl",AVAILABILITY,origin.list,2023-07-21 05:11:25.208786
"czterylapysklep.com,hair-shop.pl,mtech.pl",AVAILABILITY,origin.list,2023-07-21 05:11:25.544081
"comfortum.pl,dywany.dywilan.pl,powiatkutno.eu,umed.pl",AVAILABILITY,origin.list,2023-07-21 05:11:25.671419
"cropp.com,ibood.com,ifm.com,pl.eurosportplayer.com",AVAILABILITY,origin.list,2023-07-21 05:11:25.969018
"cyfrowarepublika.pl,energoekspert.com.pl",AVAILABILITY,origin.list,2023-07-21 05:11:27.007156
"cottonhouse.com.pl,jakubiak.com.pl,sorbona.edu.pl",AVAILABILITY,origin.list,2023-07-21 05:11:27.098312
"cochrane.org,histmag.org",AVAILABILITY,origin.list,2023-07-21 05:11:27.318470
"debowewzgorze.eu,szarotka.eu",AVAILABILITY,origin.list,2023-07-21 05:11:27.578411
"danrol-sklep.pl,fly-sky.pl,galeriaveneda.com.pl",AVAILABILITY,origin.list,2023-07-21 05:11:27.672924
"dekoracjascian.com,ewaprzygodzka.com,kompilo.com,opensolution.org",AVAILABILITY,origin.list,2023-07-21 05:11:28.767855
.js|,AVAILABILITY,origin.list,2023-07-21 05:11:29.113843
.js,AVAILABILITY,origin.list,2023-07-21 05:11:29.194970
"3dom.pro,anmur.eu,aoc.com,avenidapoznan.com,bibliotekacyfrowa.eu,bimobject.com,bip.gliwice.eu,budmat.com,canalplus.com,chorzow.eu,corab.eu,damy-rade.info,diamante-wear.com,dpm.eu,eastbook.eu,f1experiences.com,gamet.eu,ims.fm,inkubatorkultury.eu,katowice-airport.com,kler.eu,koszulkomat.eu,maamstyle.com,mateuszgrzesiak.com,media-tech.eu,mg-pmm.com,motogron.com,narzedzia.cz,naszefutrzaki.eu,pkpcargo.com,prochnik.com,profit-plus.eu,radiopark.fm,rocks-jeans.com,sapphiretech.com,secretdelivery.pl,stolmot.com,telko.in,tg.shop,trecnutrition.com,warszawa.promenada.com,wearmedicine.com,yes2move.com",AVAILABILITY,origin.list,2023-07-21 05:11:29.519834
"1-st.com.pl,agrojd.com,agrospec.pl,allnet24.pl,arx.pl,aspel.com.pl,babysensepolska.pl,bhp.dozamel.pl,bikeman.pl,bosch.com.pl,comarch-esklep.pl,e-oazakrakow.pl,elabrick24.pl,esklep.brandvital.eu,estetiq.pl,galerialazienek.pl,haczykowo.pl,kopalniasrebra.com,kran.tychy.pl,ksiegarniarubikon.pl,oftadirect.pl,papier24h.pl,papieryczerpane.pl,sklep.abydos.pl,sklep.agro-eko.com.pl,sklep.balcamp.pl,sklep.benedetto.com.pl,sklep.budowniczy.com.pl,sklep.kotrak.com,sklep.kskd.pl,sklep.mebloart.eu,sklep.miodyapis.pl,sklep.phalanxgames.pl,sklep.rol-mech.pl,sklep.salvatti.pl,sklep.stalco.pl,sklep.tayama.pl,spawalniczy-sklep.pl,swiatkoralikow.pl,swiatkoralikow2.pl,texasclub.pl,tvprodukt.pl,workstyle.pl",AVAILABILITY,origin.list,2023-07-21 05:11:29.566321
"chrust.pl,dwabratanki.pl",AVAILABILITY,origin.list,2023-07-21 05:11:30.518598
"2x45.info,adainfo24.eu,agromasa.com,alltube.tv,answear.com,atriumsystem.eu,barfnyswiat.org,bip.dzialdowo.eu,bip.gig.eu,bip.konin.eu,bip.piaseczno.eu,business.link,cedc.com,diagprog4.com,edeklaracje.info,eska.tv,evertourist.com,fachowiec.com,feriogaj.com,fokus.tv,gdansk.pl,gdzierodzic.info,grobla.net,imperiaonline.org,informacja-turystyczna.starachowice.eu,jezewo.eu,kolniak24.eu,koneser.eu,koszyki.com,lampy24.net,lot.com,lumarte.eu,mojewypieki.com,muzo.fm,nasze.fm,nowa.tv,odpady.chorzow.eu,plantatekst.info,portalodo.com,prymus.info,radiokampus.fm,rowertour.com,skierniewice.eu,studiuje.eu,telesystem-world.com,vodi.cc,voxmusic.tv,xtb.com,zamawiam.marchewkowepole.com",AVAILABILITY,origin.list,2023-07-21 05:11:30.833434
"cinamoon.pl,ministerstworeklamy.pl,ok-kredyt.pl,radiotaxitg.pl,szkoleniapartner.pl",AVAILABILITY,origin.list,2023-07-21 05:11:30.897080
"developer.android.com,tensorflow.org",AVAILABILITY,origin.list,2023-07-21 05:11:30.950344
2.0],AVAILABILITY,origin.list,2023-07-21 05:11:31.082050
"denso.com,gearbest.com,gorlice.tv,internationalpaper.com",AVAILABILITY,origin.list,2023-07-21 05:11:32.431413
[adblock,AVAILABILITY,origin.list,2023-07-21 05:11:32.646207
"4fstore.com,aclari.pl,auto-czesci-lipiec.pl,autogielda.pl,bosch-industrial.com,bugbird.pl,diecezjaplocka.pl,~dm.pgi.gov.pl,dreammachines.pl,e-konkursy.info,fotosik.pl,funduszpomerania.pl,haloursynow.pl,interprojekt.pl,janssenmed.pl,jawor-parkiet.pl,junkers.pl,kkm.ztm.kielce.pl,koty.pl,leo.pl,marstudio.pl,mediaexpert.pl,musicexpress.pl,mylead.global,naratunek.org,nck.org.pl,o13.pl,opiniolog.com,oskolaf.pl,panoramafirm.pl,pgi.gov.pl,pojezierze24.pl,powiatnowotomyski.giportal.pl,pracowniakresek.pl,psy.pl,pulawy.eu,rybnik.com.pl,saleswww.proama.pl,skijumping.pl,slaskibiznes.pl,swiatopon.info,swiatpodlog.com.pl,tuwodzislaw.pl,warsztat.pl,website4you.com.pl,wegrow.info,wseit.edu.pl,xio.pl,zabierzow.org.pl",AVAILABILITY,origin.list,2023-07-21 05:11:32.686095
wpjslib-chunk-consent-form.js,AVAILABILITY,origin.list,2023-07-21 05:11:32.831412
"dating-services-singles.com,dzikowiec.info",AVAILABILITY,origin.list,2023-07-21 05:11:32.878754
"77sushi.com,atelier801.com,aten.com,avg.com,bouboum.com,defence24.com,dormakaba.com,energetyka24.com,fabrykazabawek.eu,fortoresse.com,grupaimage.eu,kreskowki.tv,loma.com,majsterplus.com,monsieur-cuisine.com,nekodancer.com,olsztyn.eu,paysafecard.com,polskonepro.club,programtv.naziemna.info,rafalbil.eu,silentiumpc.com,testo.com,transformice.com,twojatv.info,tygodniksiedlecki.com,wyprzedaze.uk",AVAILABILITY,origin.list,2023-07-21 05:11:33.955989
"40ton.net,aidcom.eu,axeprim.eu,babi-kacik.eu,baranowscy.eu,biblioteka-radkow.eu,blog.spacetronik.eu,brandmed.eu,capslook.eu,dorastajznami.org,dronefilmfestival.eu,dziennikarz24.eu,dzwola.eu,gorliceiokolice.eu,hazex.eu,kielczewo.eu.org,logopeda-lodz.eu,magnapolonia.org,mebloteka.eu,miedzyrzecz.biz,naklo.fm,naziemna.info,newsrm.tv,nowy-sacz.info,oszczedzarka.co.uk,pabianice.tv,perfumyfm.biz,piaseczno.eu,polako.eu,radioftb.net,rozmowy.eu,setcomp.net,settlersonlinewiki.eu,showmag.info,skwerwolnosci.eu,skymaster.de,sochaczew24.info,sp8obe.eu,szpitalepomorskie.eu,tyflopodcast.net,urbanium.eu,ustka24.info,zasiedzenie.net",AVAILABILITY,origin.list,2023-07-21 05:11:34.277961
"decoliving.pl,intymna.pl",AVAILABILITY,origin.list,2023-07-21 05:11:35.007483
wpjslib-chunk-notification.js,AVAILABILITY,origin.list,2023-07-21 05:11:35.022296
"3s.pl,antyweb.pl,autopart.pl,bestcasinos.pl,brolerserwis.pl,cieplodlakrakowa.pl,energoret.pl,franciszkanskie.pl,fundacjapozaschematami.pl,grupakety.com,ingtechpoland.com,kancelaria-szip.pl,karmy.com.pl,kozincowka.pl,kpr.pl,kultura.krasnik.eu,mpsmaszyny.pl,no44.pl,norauto.pl,ogrzewamyinteligentnie.pl,olimpijski.pl,ostrereklamy.pl,pelion.eu,pom-eko.com.pl,portal.wfos.szczecin.pl,prevac.pl,przymlynie.pl,softon.pl,spedycje.pl,tbitech.pl",AVAILABILITY,origin.list,2023-07-21 05:11:35.054949
"czekoladacortez.pl,eljacht.pl,eurocent.opole.pl,garwolin-starostwo.pl,gniezno24.com,kukko.com,mania4x4.pl,only4music.com,orpeg.pl,proszkow.eu,staraoliwa.pl,techniline.com,trafokazje.eu,wrosip.pl,zoosafari.com.pl",AVAILABILITY,origin.list,2023-07-21 05:11:35.764497
"cpb.pl,efaktury.org,merixstudio.pl,multikod.net.pl,multikody.pl,olekmotocykle.pl,ranking.net.pl,szukarka.net,twojliquid.pl",AVAILABILITY,origin.list,2023-07-21 05:11:36.295034
"dentalcare.pl,pampers.pl",AVAILABILITY,origin.list,2023-07-21 05:11:36.926288
"51015kids.eu,r-gol.com",AVAILABILITY,origin.list,2023-07-21 05:11:37.028921
"4lapki.eu,czechofil.com,ekskluzywnymenel.com,jarek-kefir.org,kuchniaubietki.home.blog,muzykoholicy.com,ninawum.com,polonia.net,programistka.com,rebe1scum.com,rowery.org,szukajacslonca.com,wordpress.com",AVAILABILITY,origin.list,2023-07-21 05:11:37.109666
"dcg.wroclaw.pl,skionline.pl,trentino.pl",AVAILABILITY,origin.list,2023-07-21 05:11:37.530700
"deloitte.com,netcompany.com,optomer.pl",AVAILABILITY,origin.list,2023-07-21 05:11:38.541295
"dagma.pl,eset.pl,immergas.pl",AVAILABILITY,origin.list,2023-07-21 05:11:38.983794
"darnatury.pl,helio.pl,jastrzebieonline.pl",AVAILABILITY,origin.list,2023-07-21 05:11:39.076601
"dia.com.pl,pkfpolska.pl,pkfszkolenia.pl",AVAILABILITY,origin.list,2023-07-21 05:11:39.173422
"4mens.pl,korwin24.pl",AVAILABILITY,origin.list,2023-07-21 05:11:39.343718
"360studio.org,wabrzezno.com",AVAILABILITY,origin.list,2023-07-21 05:11:40.686172
"~dm.pgi.gov.pl,pgi.gov.pl",AVAILABILITY,origin.list,2023-07-21 05:11:40.882305
"4hifi.pl,advatus.pl,ip-sa.pl,tylkodywan.pl",AVAILABILITY,origin.list,2023-07-21 05:11:40.921508
"dieta.pl,jestemfit.pl",AVAILABILITY,origin.list,2023-07-21 05:11:41.007153
"90.pl,atomic.com,aukcje.pkoleasing.pl,benchmarking.silesia.org.pl,bielskakraina.pl,bluecity.pl,brodnica.net,bs.olawa.pl,budma.pl,cez.gov.pl,clickmeeting.com,comarchedi.pl,csioz.gov.pl,decoratorium.eu,delet.jhi.pl,direct.money.pl,dolnysopot.pl,dulskidesign.pl,dw.com,e-marketbudowlany.pl,edoapp.pl,embros.pl,essentiale.pl,eurotargetshow.pl,fakturaelektroniczna.com,filmotekaszkolna.pl,finansowysupermarket.pl,fitandyummy.pl,fitnessplatinium.pl,forguides.pl,fum.info.pl,gdynia.sr.gov.pl,ginlong.com,gugik.gov.pl,hifi.pl,investmap.pl,japanmotors.pl,jedyna-taka.pl,jim.org,kanal10.pl,kastu.pl,klinikaagd.pl,kredytmarket.com,kubotastore.pl,kurspisania.pl,lantech.com.pl,leroymerlin.pl,mazowieckie.com.pl,mdserwis.pl,megakoszulki.pl,modecom.com,moventum.com.pl,mtp.pl,muszynianka.pl,mutti-jakoscbezkompromisow.pl,nbportal.pl,ninateka.pl,nysa.pl,oferta.turystyka.pl,open.pl,otouczelnie.pl,pepperl-fuchs.com,pfr.pl,pgd.pl,polsoja.pl,polstor.pl,portgdansk.pl,pozyczkaplus.pl,przepisy.net,rachunki.interia.pl,radioznin.fm,retromotorshow.pl,selino.pl,seopilot.pl,sfinks.pl,shoper.pl,smartgym.club,smartpozyczka.pl,smyk.com,stalgorzow.pl,store.synevo.pl,stressfree.pl,superauto.pl,supermemo.com,szkolenia-semper.pl,taksmakujewygrana2.pl,tally-weijl.com,tapis.pl,technetium.pl,telewizjaswiatlowodowa.pl,terramar.pl,tkaniny-hemmers.pl,tpvpolska.pl,tridex.pl,twojakoszulka.eu,unityline.pl,venture.pl,virtualtrucker.pl,wanicki.pl,waw.pl,wielkopolska.eu,wyprobujdeveley.pl,wyprobujmutti.pl,yagi.pl,zebra.com,ziph.pl,zrzutka.pl",AVAILABILITY,origin.list,2023-07-21 05:11:41.158123
"addons.prestashop.com,batteryguru.eu,bip.bialogard.info,bip.mzkzg.org,bip.um.rybnik.eu,busy-kielce.eu,busy-wroclaw.eu,gardenoffood.com,luxmeble.eu,miedzyrzec.info,mirka.com,motoakcesoria.com,pilz.com,poradnikbudowlany.eu,promedica.biz,rolkom.net,shop.albione.eu,shuluv.com,sklep.audiofan.eu,sklep.audiofil.eu,sklep.polbit.com,sklepnumizmatyczny.eu,szlakwokoltatr.eu,targowica.eu,warsaw.astonmartindealers.com,zagadkidladzieci.net",AVAILABILITY,origin.list,2023-07-21 05:11:42.523993
"addthis.com,ibm.com,java.com,lighting.philips.pl,meethue.com,nespresso.com,oracle.com,signify.com,wd.com",AVAILABILITY,origin.list,2023-07-21 05:11:42.543293
"acer.com,beautikon.com,e-lakiernik.net,helikon-tex.com,imready.eu,lancerto.com,sklep.trefl.com",AVAILABILITY,origin.list,2023-07-21 05:11:42.599157
"adblockplus.org,convertcase.net,lulek.tv,tme.eu",AVAILABILITY,origin.list,2023-07-21 05:11:42.906576
"4lomza.pl,ubojnia-skad.pl",AVAILABILITY,origin.list,2023-07-21 05:11:42.938847
"24opony.pl,alusy.pl,inopony.pl",AVAILABILITY,origin.list,2023-07-21 05:11:44.102825
"adbl.eu,alkalicznystylzycia.com,arhn.eu,centrum.fm,cybsecurity.org,domkorkowy.com,domowa.pizza,doradcarestrukturyzacyjny.info,drzwionline.net,e-chorzow.com,elektrykapradnietyka.com,filozofuj.eu,imielski.net,inwestycjebudowlane.biz,itdesk.eu,jakzalozycfirmenaukrainie.com,japrzedsiebiorca.biz,jasam.eu,jedrzejowska.net,kolnet.eu,konstytucjabiznesu.biz,krakowpost.com,langsteiner.eu,leczeniekomorkamimacierzystymi.com,mammarzenie.org,medbestshop.eu,moneygrabbing.co.uk,multiconsult-polska.com,muzeumzabawek.eu,mypresents.eu,patentujemy.com,photonrobot.com,pl.xiaomitoday.it,platinet.eu,poid.eu,polskiobserwator.de,prezentydlaniego.eu,proveg.com,pskrk.com,quercus.co,rosebelle.eu,rta24.eu,sandraspa.eu,sciezkimojegoswiata.com,secowarwick.com,sklep.sztukawyboru.eu,skup-laptopow.com,smartpolak.co.uk,spece.it,stalmielec.com,tarnobrzeskie.eu,turysta.org,tyniec.tv,widzewtomy.net,wolnekonopie.org,zabieganamama.com",AVAILABILITY,origin.list,2023-07-21 05:11:44.493821
"a4-klub.pl,forum.benchmark.pl,forum.radioparty.pl,pfmrc.eu",AVAILABILITY,origin.list,2023-07-21 05:11:44.513791
"accenture.com,asics.com,cookielaw.org,filehippo.com,hp.com,kia.com,malwarebytes.com,msn.com,pl.atlassian.com,prezi.com,sonos.com,volvocars.com",AVAILABILITY,origin.list,2023-07-21 05:11:44.565078
"acb-arch.pl,aniolowka.pl,avatec.pl,polcar.com,schroniskowroclaw.pl,wiescisokolowskie.pl",AVAILABILITY,origin.list,2023-07-21 05:11:44.609756
"accent-bikes.com,adaware.com,boca.com,carfax.eu,croatia.hr,dexcom.com,esn-eu.org,gliwice.eu,kghm.com,kielce.eu,kwestiasmaku.com,naszekielce.com,paszport.info,prestashop.com,rc.fm,sadeczanin.info,swiecie.eu",AVAILABILITY,origin.list,2023-07-21 05:11:45.661847
"6art.pl,krosnocity.pl",AVAILABILITY,origin.list,2023-07-21 05:11:45.916371
"2018.pl,wsiecihistorii.pl",AVAILABILITY,origin.list,2023-07-21 05:11:45.968172
"5styl.com,b4after.pl,flordent.pl,gallopang.pl,mebsto.pl,okoklinik.pl,polscykierowcy.pl,sekretypiekna.net,szpot.pl",AVAILABILITY,origin.list,2023-07-21 05:11:45.980445
"abctygodnik.pl,wgospodarce.pl,wpolsce.pl",AVAILABILITY,origin.list,2023-07-21 05:11:46.182633
"3mpolska.pl,bosch-professional.com,centrum24.pl,cisco.com,command.pl,e.huawei.com,logitech.com,logitechg.com,post-it.pl,vacansoleil.pl",AVAILABILITY,origin.list,2023-07-21 05:11:47.109678
"adexemplum.com,adwokat-tarnowskiegory.pl,alarte.pl,allplay.pl,altron.pl,alufelgi.sklep.pl,ammoffice.pl,androidmagazine.pl,apspolska.pl,asd.pl,biall.com.pl,bip.gopsherby.pl,biuletyn.net,blog.j-labs.pl,concierge.europ-assistance.pl,cubik.pl,cwlaguna.pl,dentysta-stomatolog.com,distortstudios.com,domodi.pl,dourody.pl,dzidziusiowo.pl,eneva.pl,footroll.pl,frezmar.pl,galeria-dominikanska.pl,generator.pl,gonar.com.pl,gosc.pl,help4skin.pl,homebook.pl,igomedia.pl,install-it.pl,inwestinfo.pl,inwestpark.pila.pl,itezone.pl,ivento.pl,jack.pl,jeanmueller.pl,kato.com.pl,kinoteka.pl,klockolandia.pl,klubgaja.pl,kobietytoczytaja.pl,kontakt-simon.com.pl,lidzbarkw.eu,lokalika.pl,malygosc.pl,mamnewsa.pl,marcinjasinski.pl,merametal.pl,merydian.pl,meteor-turystyka.pl,miechow.eu,mklr.pl,moipip.org.pl,motokiller.pl,motokobiety.pl,mototube.pl,nieruchomosci-bez-posrednikow.com.pl,nowapapiernia.pl,o-c.pl,old.jeanmueller.com.pl,oldbip.krasiczyn.pl,ostrowiec-sw.pl,panelex.pl,patron.pl,pgn.com.pl,pieniadz.pl,prisonwars.pl,pudliszki.pl,radioem.pl,rbsbychawa.pl,recepcja.visionexpress.pl,rydwan.malbork.pl,shop.ticketpro.pl,sigatech.pl,skk.com.pl,sklep-bmw.pl,sklep-motocyklowy.pl,sklep.antyk.org.pl,sklep.comodoesano.com.pl,sklep.kutnik.com.pl,sklep.visionexpress.pl,skm.warszawa.pl,sportowiec.com,sr.gov.pl,strzelnicabojowa.pl,swiatekspresow.pl,tbs.stargard.pl,teatr-maly.pl,tywent.pl,unimet.pl,unimet24.pl,v10.pl,wiara.pl,winawloskie.pl,wmrowisku.pl,www.pisz.pl,yorkedukacja.pl,zaadoptujrzeke.pl,zamakmercator.pl,zamow-myjnie.pl",AVAILABILITY,origin.list,2023-07-21 05:11:47.500098
"adobe.com,merixstudio.pl",AVAILABILITY,origin.list,2023-07-21 05:11:47.541114
"30lat.neuca.pl,gabinetodzaplecza.pl,high-med.pl,konferencja.amoz.edu.pl,majorel.com.pl,moderator-online.edu.pl,modnepodlogi.pl,odbiormieszkan.dekra.pl,symposium.pl,terazpoz.pl,vcarbon.pl",AVAILABILITY,origin.list,2023-07-21 05:11:47.708059
"adata.com,balex.eu,ciekawe.org,dlafirm.eu,grojec24.net,infobeskidy.eu,kupzegarek.com,lo1.lublin.eu,multikomp.net,ono24.info,picodi.com,starysacz.info,welcome2poland.eu,wikidot.com",AVAILABILITY,origin.list,2023-07-21 05:11:47.936366
"aforyzmy-cytaty.pl,agencjacentrum.pl,alfianco.pl,atut.glogow.pl,avioner.pl,baza-krs.pl,bip.lsi.net.pl,carq.pl,czerkawski.com.pl,doniczki-poznan.pl,hotfrog.pl,hotpay.pl,kalkulator-so.pl,koraliki.pl,kupbilet.pl,kzkgop.com.pl,life.wigry.org.pl,luczak.pl,markoweszyby.pl,microhost.pl,moja-grecja.pl,nck.gov.pl,ogloszeniachojnice.com,playtube.pl,postrabbit.pl,r-gol.com,rj.metropoliaztm.pl,sgpm.krakow.pl,swiat-czekolady.com.pl,teachart.pl,upolujebooka.pl,xerima.com.pl,zaufanekliniki.pl,zawady.com.pl,zawady19.pl",AVAILABILITY,origin.list,2023-07-21 05:11:48.642039
"adidas.pl,reebook.pl",AVAILABILITY,origin.list,2023-07-21 05:11:49.305417
"60sekund.tytan.pl,airdron-polska.pl,defra.pl,denique.pl,komputerytriton.pl,lucatel.pl,mckplonsk.pl,medisept.pl,paralympic.org.pl,scottiego.com,szymoszkowa.pl",AVAILABILITY,origin.list,2023-07-21 05:11:49.316636
"aeg-powertools.eu,baldauf-kaese.de,bolec.info,dystans.org,esize.me,euautomation.com,eurolines.de,europeana.eu,filehippo.com,forum.optymalizacja.com,ftt.roto-frank.com,godzina.info,ipa-katowice.org,konin24.info,languagetool.org,malopolskie-media.info,osiedle-chelmonskiego.pl.tl,parafiabrzezinka.eu,pl.kingofsat.net,pons.com,punkt.media,sachsen-tourismus.de,techsklep.eu,tw-db.info,wiha.com",AVAILABILITY,origin.list,2023-07-21 05:11:49.356586
"adeste.org,um.jaslo.pl",AVAILABILITY,origin.list,2023-07-21 05:11:49.448875
"adidas.pl,ea.com,garmin.com,leagueoflegends.com,nespresso.com,reebok.pl,weather.com,xerox.com",AVAILABILITY,origin.list,2023-07-21 05:11:49.685186
"adventure-sky.pl,agrobialowieza.pl,aluzja.gorzow.pl,artgos.pl,basenklodzko.pl,biblioteka.gmina.pl,biblioteka.kroscienko-nad-dunajcem.pl,biennalepasteli.pl,bsmuszyna.com,cadvision.pl,cieniawa-ski.pl,ck.przemysl.pl,diagmed.info.pl,dworbartnika.pl,gbp.zwierzyn.pl,goralskiedomki.pl,hostgrafia.pl,interauto.krakow.pl,iwulskadent.pl,karczmawedworze.pl,klodzko.pl,kmdentalexperts.pl,kontestator.eu,mojawww.com,muzeum.belchatow.pl,osrodek-terapii.com,pensjonat-szarotka.pl,perlamazur.pl,pieninypoland.pl,powiat-wieruszowski.pl,puch-kotlowski.pl,restauracjaflis.pl,slawex.net.pl,swiatdeski.pl,szczawnica-belweder.pl,szkolaswidnik.edu.pl,tadex-pol.pl,tomiicars.com.pl,transport.krzysko.pl,treningkrakow.pl,tukan.info.pl,ulapodurgiel.pl,vagaru.pl,wikar.pl,willamagiera.pl",AVAILABILITY,origin.list,2023-07-21 05:11:50.632250
"abcalkoholu.pl,lech.pl,tyskie.pl,zubr.pl",AVAILABILITY,origin.list,2023-07-21 05:11:50.851981
"adrenaline.pl,jejsklep.pl",AVAILABILITY,origin.list,2023-07-21 05:11:51.097491
"adobe.com,behance.net,dell.com,eu.crucial.com,ge.com,intel.pl,knorr.pl,lipton.com,mtv.pl,pl.fotolia.com,przepisy.pl,rexona.com,tripadvisor.com,vmware.com,www.playstation.com",AVAILABILITY,origin.list,2023-07-21 05:11:51.345834
"adm-media.pl,intellect.pl,kociadolina.pl,mrn.pl",AVAILABILITY,origin.list,2023-07-21 05:11:51.400871
"agroplast.pl,epiora.pl,komputerprojekt.pl,laphard.pl,napieknewlosy.pl,ovczarnia.pl,planszostrefa.pl",AVAILABILITY,origin.list,2023-07-21 05:11:52.480983
"4people.pl,emilbus.com.pl,marketingdlaludzi.pl",AVAILABILITY,origin.list,2023-07-21 05:11:52.533514
nike.scriptloade,AVAILABILITY,origin.list,2023-07-21 05:11:52.718814
"akwarysta.eu,alemeksyk.eu,dudek.eu,fakty.nl,hoegert.com,mm-gazeta.de,mobbingwpracy.com,pimot.eu,rynek.de",AVAILABILITY,origin.list,2023-07-21 05:11:52.861025
"allpaka.eu,amico.market,artexhome.eu,astronomia24.com,budmax.eu,camprest.com,czarnkow.info,dacpol.eu,ekoenergia24.eu,fotmar.eu,gazetaswietojanska.org,goleniowska.com,goryonline.com,ikrakow.info,integracja.org,inzynieria.com,iotwock.info,iwaniska.eu,julstar.eu,koronakaszub.eu,krzysztof-bus.eu,lessmess.storage,lowicz24.eu,master-sport.de,medianarodowe.com,mensahome.eu,nadarzyn.tv,ontrack.com,opoczno.info,pdinetwork.net,psychologiazycia.com,raczkowski.eu,reporterzy.info,sejny.net,server-pps.com,staypoland.com,suwalki.info,szczecinek.com,tanidrut.com,transportnews.eu,transportnews.tk,visitwroclaw.eu,wagrowiec.eu,wici.info,x-moto.eu,yuliyababich.eu,zajefajna.com,zambrow.org,zsgoreczyno.eu,zuu.systems",AVAILABILITY,origin.list,2023-07-21 05:11:53.144812
"agropolska.pl,archiwalna.miasto.zgierz.pl,czarno-biale.pl,firmymiesne.pl,forumdermatologiczne.pl,forumneurologiczne.pl,forumpediatryczne.pl,forumstomatologiczne.pl,fototapetyxl.pl,komputerymarkowe.pl,lututowgmina.pl,miastograf.pl,namyslo-landtechnik.pl,omegasoft.pl,pizza-express.pl,psychiatria.pl,pupbelchatow.pl,samsonite.pl,skm.pkp.pl,smart.com",AVAILABILITY,origin.list,2023-07-21 05:11:53.770672
"agromasz.com.pl,iqconnect.pl,mragowo24.info",AVAILABILITY,origin.list,2023-07-21 05:11:53.804673
"adresowo.pl,ciekawostkihistoryczne.pl,fotosik.pl,sportzona.pl,trojmiasto.pl,twojahistoria.pl",AVAILABILITY,origin.list,2023-07-21 05:11:54.019135
"akademos.pl,jezykipaderewski.pl,paderewski.lublin.pl,zagiel.pl,zagielauto.pl,zagielmed.pl",AVAILABILITY,origin.list,2023-07-21 05:11:54.419015
"agropolska.pl,miastograf.pl",AVAILABILITY,origin.list,2023-07-21 05:11:54.534479
"aero7.pl,icube.pl,loveair.pl",AVAILABILITY,origin.list,2023-07-21 05:11:55.346310
"andrespol.bip.cc,belgia.net,bip.chorzow.eu,ciasta.net,emcconsultant.eu,goganet.com,koniecpol.info,madameedith.com,nekla.eu,netpolska.com,nysa.eu,oblicz.to,polishexpress.co.uk,polskieligi.net,porcys.com,potak.eu,prawo-mieszkaniowe.info,reporterzy.info,stskurier.com,tfkable.com,ug.tomaszow.maz.bip.cc,wader.toys,zabart.com,zlomowisko.info",AVAILABILITY,origin.list,2023-07-21 05:11:55.428742
"aeropartner.pl,fors.pl,pks.zary.pl,webelite.pl",AVAILABILITY,origin.list,2023-07-21 05:11:55.591557
"adra.pl,expozdrowie.pl,fzz.pl",AVAILABILITY,origin.list,2023-07-21 05:11:55.661505
"aircon.panasonic.eu,ecreo.eu,mazury.com,pl.vivre.eu,polemi.co.uk,rybnik.eu,tbnpolska.tv,ztm.lublin.eu",AVAILABILITY,origin.list,2023-07-21 05:11:55.721704
"ampero.pl,apdmarket.pl,archiwum.bip.mbpr.pl,astachurski.pl,bobryk.pl,buty-wolka.pl,chevan.pl,cos.pl,czesci-samochodowe.wroclaw.pl,debtus.pl,demarko-trailers.com,feniks.wroc.pl,forumfree.pl,gitara-sklep.pl,instytutksiazki.pl,jangar.pl,kariera.cosmogroup.pl,lampyilampki.pl,lampytanie.pl,leclerc-bielany.pl,marcopolo.pl,muzeumslaskie.pl,neonail.pl,neonailexpert.pl,parkizoolandia.pl,sklep.intert.pl,sklepdlaplastykow.pl,smswietochlowice.pl,solid-gear.pl,storm24.pl,telvinet.com.pl,travelpl.pl,zdrovit.pl",AVAILABILITY,origin.list,2023-07-21 05:11:56.610062
"aircon.pl,zymetric.pl",AVAILABILITY,origin.list,2023-07-21 05:11:56.837983
"agencjagazeta.pl,panoramafirm.pl,sklep.genos.com.pl",AVAILABILITY,origin.list,2023-07-21 05:11:56.936263
"alkopoligamia.com,bip.um.rybnik.eu,biskupice.pl,centrumwroclaw.pl,dpn.pl,dreamtours.pl,fashionpost.pl,firmy-katalog.pl,fono-medica.gniezno.pl,fundacja-wroclaw.org,gospodarkamorska.pl,info.elblag.pl,integart.com.pl,jaskinianiedzwiedzia.pl,krosno.com.pl,krzyzowka.net,livesmarter.pl,meteo.imgw.pl,naratunek.org,nj24.pl,nuorder.pl,smogowicze.pl,speedtest.pl,swiatrolnika.info,synonim.net,tacyjakja.pl,totalmoney.pl,wsensie.pl,zamek.malbork.pl,zsp2.edu.pl",AVAILABILITY,origin.list,2023-07-21 05:11:57.086661
"albatrosbus.pl,atrakcje.com.pl,atrakcjenaimprezy.pl,bileteria-online.pl,dialog.mazovia.pl,edurosli.pl,gardenexpress.pl,innowacja.edu.pl,mail.bremex.pl,pks.elblag.pl,pkspolonus.pl,polonuspartner.pl,radziejewska.pl,webster-studio.pl,zakexpress.pl,zdo.pl",AVAILABILITY,origin.list,2023-07-21 05:11:57.313737
"adwokatrozycka.pl,cad2cad.com,greensteam.pl,kacperkowalski.pl,metronic.com.pl,npa.pl,progenis.pl,rysunek.edu.pl,wanika.pl,wordlist.eu,zs1mm.edu.pl,zs1mm.home.pl",AVAILABILITY,origin.list,2023-07-21 05:11:57.783881
"ago.pl,askopolska.pl,indigo-nails.com,lodz.pl,mamoo.pl,papercast.pl",AVAILABILITY,origin.list,2023-07-21 05:11:57.965778
"annapol.com,fotka.com,horyzont.net,lambre.eu,mdkmikolow.eu",AVAILABILITY,origin.list,2023-07-21 05:11:58.398547
"almatur.pl,portaltatrzanski.pl",AVAILABILITY,origin.list,2023-07-21 05:11:58.417444
"agro-bis.eu,eldom.eu,iletutego.eu,prawniktorun.eu",AVAILABILITY,origin.list,2023-07-21 05:11:58.550050
"alesoczewki.com,iposto.com,moremoi.com",AVAILABILITY,origin.list,2023-07-21 05:11:58.764751
"alkoholeswiata.com,sunloox.com",AVAILABILITY,origin.list,2023-07-21 05:11:59.185378
"andrychow.eu,gazetkipromocyjne.net,kamienieczabkowicki.eu,kreatywna-europa.eu,kujawy.info,planetamarvel.net,ponglish.eu,wielkopolska.travel",AVAILABILITY,origin.list,2023-07-21 05:11:59.846992
"agapo.pl,ogrzewanie-elektryczne.pl",AVAILABILITY,origin.list,2023-07-21 05:11:59.883986
"alegotowka.pl,chwilowkomat.pl,halopozyczka.pl,quadralite.pl",AVAILABILITY,origin.list,2023-07-21 05:11:59.900147
"akademiaeurocash.com.pl,dlink.com,megawrzuta.pl,niemartwsie.pl,patostreamy.com,seoinvention.pl",AVAILABILITY,origin.list,2023-07-21 05:12:00.034458
"agusto.pl,etroniks.pl,happytime.com.pl,mebags.pl,modne-gniazdka.pl,sprecords.pl,trojmiejska.com,trojmiejskaperfumeria.pl,witek.pl",AVAILABILITY,origin.list,2023-07-21 05:12:00.765059
"andrzejzawada.pl,megataxi.pl,ptfm-slask.pl",AVAILABILITY,origin.list,2023-07-21 05:12:01.060408
"akolinska-kancelaria.pl,cosmedicolight.pl,genetico.pl,kapitalnydom.pl,podkarpackie.travel.pl,tksport.pl,um-swiecie.pl",AVAILABILITY,origin.list,2023-07-21 05:12:01.190854
"aptekarski.com,media.pl.canalplus.com,prowly.com",AVAILABILITY,origin.list,2023-07-21 05:12:01.236803
"amrest.eu,eenergy.com.pl,klodzko24.eu,nowaruda24.pl,stoprocent.com",AVAILABILITY,origin.list,2023-07-21 05:12:01.298621
"al.to,combat.pl,x-kom.pl",AVAILABILITY,origin.list,2023-07-21 05:12:02.565758
"archiwa.gov.pl,noria.pl",AVAILABILITY,origin.list,2023-07-21 05:12:02.686259
"arch.kpcen.pl,laboratoria.net",AVAILABILITY,origin.list,2023-07-21 05:12:02.778376
"aktywniwregionie.pl,gorazdze.pl,lohmann-tapes.pl",AVAILABILITY,origin.list,2023-07-21 05:12:02.935229
"aranzujemy.pl,kobieceporady.pl,kosmogadka.pl,pl.sputniknews.com,samouczek.info,spacex.com.pl",AVAILABILITY,origin.list,2023-07-21 05:12:02.980567
"alles.pl,e-marilyn.pl",AVAILABILITY,origin.list,2023-07-21 05:12:04.375514
"antyradio.pl,azorek.pl,chillizet.pl,meloradio.pl,planeta.fm,radiostacja.pl,radiozet.pl",AVAILABILITY,origin.list,2023-07-21 05:12:04.386560
"argentointernational.pl,bilera.pl,biurotech.net.pl,brewa.pl,dekavit.pl,gdanska1.pl,jesienna.mediaprod.com.pl,kalisz.caritas.pl,lanko.pl,letniskowo.pl,opiekun.kalisz.pl,parafia-slupia.pl,parafiachynowa.pl,przp.pl,radiorodzina.kalisz.pl,technikum.kalisz.pl,tygodnikkepinski.pl",AVAILABILITY,origin.list,2023-07-21 05:12:04.517115
"arkady.info,e-drogeria.com,krzysztonjan.com",AVAILABILITY,origin.list,2023-07-21 05:12:04.556486
"airly.eu,mydhl.express.dhl",AVAILABILITY,origin.list,2023-07-21 05:12:04.700522
"amix.pl,company.pl,gufik.pl,jakoscobslugi.pl,mrn.pl",AVAILABILITY,origin.list,2023-07-21 05:12:05.852801
"amundi.pl,biodiv.gdos.gov.pl,chojnice24.pl",AVAILABILITY,origin.list,2023-07-21 05:12:05.922194
"aso.foxstrategy.pl,bookscout.pl,subscribepage.com",AVAILABILITY,origin.list,2023-07-21 05:12:06.138548
"agmar.com,akademie.elring.de,altimi.com,bioenergiadlaregionu.eu,cdn.ampproject.org,fantasy.ekstraklasa.org,fibaro.com,fiufiu.co,inwex.eu,opoczno.eu,portal.legnica.eu,superstacja.tv",AVAILABILITY,origin.list,2023-07-21 05:12:06.215633
"aspsklep.pl,bip.izabelin.pl,enerpol.pl,florexpol.eu,gckis.trzebnica.pl,gih.grajewo.pl,infopodlaskie.pl,klublifestyle.pl,mopr.piekary.pl,naszamlawa.pl,portczystejenergii.pl,pspbieniedzice.szkolnastrona.pl,pupgrodziskwlkp.pl,sgurp.pl,sposiny.szkolnastrona.pl,ugporaj.pl,zslegnickiepole.szkolnastrona.pl,zwolenpowiat.pl",AVAILABILITY,origin.list,2023-07-21 05:12:06.250322
"allertec.pl,mojeoczy.pl,polprazol.pl",AVAILABILITY,origin.list,2023-07-21 05:12:07.263372
"apra.pl,przegladlokalny.eu",AVAILABILITY,origin.list,2023-07-21 05:12:07.469190
"attipas.pl,bip.grodwik.pl,bip.radio.lublin.pl,bip.wiml.waw.pl,bocian.org.pl,brzozow.nowybip.pl,fakturownia.pl,gsmonline.pl,lamillou.com,msport.lavinaplatform.com,mt514.nowybip.pl,nencki.gov.pl,okir.nowybip.pl,piwkolo.info,siteor.pl,sugester.pl,teatrwielki.nowybip.pl,wiif.nowybip.pl,zpp.nowybip.pl,zspostroda.nowybip.pl,zuromin.ibip.net.pl",AVAILABILITY,origin.list,2023-07-21 05:12:07.597137
"arka.tv,kurjerzy.pl,legia.net",AVAILABILITY,origin.list,2023-07-21 05:12:07.780362
"are.waw.pl,ebok.asta-net.pl,studia.gov.pl",AVAILABILITY,origin.list,2023-07-21 05:12:07.833011
"anmar-pl.com,honia.pl,mech-masz.com.pl,top123.pl",AVAILABILITY,origin.list,2023-07-21 05:12:08.133217
"archiwum.szubin.pl,dok.org.pl,powiatlobeski.pl,szamotuly.pl",AVAILABILITY,origin.list,2023-07-21 05:12:08.496665
"autokult.pl,drony.net,fotoblogia.pl,gadzetomania.pl,galerialimonka.pl,komorkomania.pl,otabletach.pl,steplowski.net",AVAILABILITY,origin.list,2023-07-21 05:12:08.679156
"augustowogloszenia.pl,barlineknoclegi.pl,barlinekogloszenia.pl,bartoszycenoclegi.pl,bartoszyceogloszenia.pl,bedzinogloszenia.pl,belchatowogloszenia.pl,belchatowpraca.pl,bialapodlaskaogloszenia.pl,bialapodlaskapraca.pl,bialobrzegiogloszenia.pl,bialogardogloszenia.pl,bialystokpraca.pl,bielawaogloszenia.pl,bielsknoclegi.pl,bielskobialaogloszenia.pl,bielskobialapraca.pl,bierunogloszenia.pl,bilgorajnoclegi.pl,bilgorajogloszenia.pl,bochniapraca.pl,boleslawiecnoclegi.pl,boleslawiecogloszenia.pl,braniewoogloszenia.pl,brodnicanoclegi.pl,brzegnoclegi.pl,brzegogloszenia.pl,brzeskonoclegi.pl,brzeskoogloszenia.pl,brzezinyogloszenia.pl,brzozowogloszenia.pl,buskonoclegi.pl,buskozdrojogloszenia.pl,bydgoszczhotele.pl,bydgoszczogloszenia.pl,bydgoszczpraca.pl,bytomnoclegi.pl,bytomogloszenia.pl,bytompraca.pl,bytowogloszenia.pl,bytowpraca.pl,checinyogloszenia.pl,chelmnoclegi.pl,chelmogloszenia.pl,chelmpraca.pl,chodziezogloszenia.pl,chojnicepraca.pl,chorzownoclegi.pl,chorzowogloszenia.pl,chorzowpraca.pl,choszcznoogloszenia.pl,chrzanowogloszenia.pl,ciechanownoclegi.pl,ciechanowogloszenia.pl,ciechocineknoclegi.pl,cieszynogloszenia.pl,czaplinekogloszenia.pl,czarnkowogloszenia.pl,czerskogloszenia.pl,czestochowaogloszenia.pl,czluchowogloszenia.pl,dabrowapraca.pl,dabrowatarnowskaogloszenia.pl,debicanoclegi.pl,debicapraca.pl,drawskonoclegi.pl,drawskopomorskieogloszenia.pl,dzialdowonoclegi.pl,dzierzoniownoclegi.pl,dzierzoniowogloszenia.pl,elblagpraca.pl,elknoclegi.pl,elkogloszenia.pl,elkpraca.pl,fajnenoclegigdansk.pl,fajnenoclegikarpacz.pl,fajnenoclegikrakow.pl,fajnenoclegilodz.pl,fajnenoclegipoznan.pl,fajnenoclegisopot.pl,fajnenoclegiwarszawa.pl,fajnenoclegiwroclaw.pl,fajnenoclegizakopane.pl,gdanskpraca.pl,gdyniahotele.pl,gdyniapraca.pl,gizyckonoclegi.pl,gliwicenoclegi.pl,gliwiceogloszenia.pl,gliwicepraca.pl,glogowogloszenia.pl,glogowpraca.pl,glubczyceogloszenia.pl,gnieznonoclegi.pl,gnieznoogloszenia.pl,gnieznopraca.pl,goldapogloszenia.pl,goleniowogloszenia.pl,golub-dobrzynogloszenia.pl,goraogloszenia.pl,gorliceogloszenia.pl,gorzownoclegi.pl,gorzowogloszenia.pl,gorzowpraca.pl,gostyninogloszenia.pl,gostynogloszenia.pl,grajewonoclegi.pl,grodzisknoclegi.pl,grodziskpraca.pl,grodziskwielkopolskiogloszenia.pl,grojecnoclegi.pl,grojecogloszenia.pl,grudziadzogloszenia.pl,grudziadzpraca.pl,gryficenoclegi.pl,gryficeogloszenia.pl,gryfinonoclegi.pl,hajnowkaogloszenia.pl,hotelewieliczka.pl,hrubieszowogloszenia.pl,ilawanoclegi.pl,inowroclawnoclegi.pl,inowroclawogloszenia.pl,inowroclawpraca.pl,iwonicznoclegi.pl,janowlubelskiogloszenia.pl,jarocinnoclegi.pl,jarocinpraca.pl,jaroslawnoclegi.pl,jaroslawogloszenia.pl,jasloogloszenia.pl,jaworogloszenia.pl,jaworznopraca.pl,jedrzejowogloszenia.pl,jeleniagoranoclegi.pl,jeleniagoraogloszenia.pl,job365.pl,kaliszpraca.pl,kamiennagoraogloszenia.pl,kamienpomorskiogloszenia.pl,karpaczogloszenia.pl,kartuzyogloszenia.pl,katowicepraca.pl,kazimierzawielkaogloszenia.pl,kedzierzynkozleogloszenia.pl,kepnonoclegi.pl,kepnoogloszenia.pl,ketrzynogloszenia.pl,kielceogloszenia.pl,kielcepraca.pl,klobuckogloszenia.pl,klodzkoogloszenia.pl,kluczborkogloszenia.pl,kolbuszowaogloszenia.pl,kolnoogloszenia.pl,kolobrzegogloszenia.pl,kolobrzegpraca.pl,kolonoclegi.pl,koloogloszenia.pl,koninnoclegi.pl,koninogloszenia.pl,koninpraca.pl,konskienoclegi.pl,kopalinonoclegi.pl,kosciannoclegi.pl,koscierzynaogloszenia.pl,kostrzynnoclegi.pl,kostrzynogloszenia.pl,koszalinnoclegi.pl,koszalinogloszenia.pl,koszalinpraca.pl,kozieniceogloszenia.pl,krakowofertypracy.pl,krakowogloszenia.com,krapkowiceogloszenia.pl,krasnikogloszenia.pl,krasnystawnoclegi.pl,krasnystawogloszenia.pl,krosnonoclegi.pl,krosnoodrzanskieogloszenia.pl,krosnopraca.pl,krotoszynogloszenia.pl,krynicazdrojogloszenia.pl,kutnoogloszenia.pl,kwaterychalupy.pl,kwaterydabki.pl,kwaterydarlowo.pl,kwaterydzwirzyno.pl,kwateryhel.pl,kwateryjantar.pl,kwateryjaroslawiec.pl,kwateryjastrzebiagora.pl,kwaterykielce.pl,kwaterykrynicamorska.pl,kwaterymiedzywodzie.pl,kwaterymragowo.pl,kwateryopole.pl,kwaterypuck.pl,kwateryrzeszow.pl,kwaterysarbinowo.pl,kwateryustroniemorskie.pl,kwidzynnoclegi.pl,kwidzynogloszenia.pl,kwidzynpraca.pl,lancutogloszenia.pl,laskogloszenia.pl,leborknoclegi.pl,lecznanoclegi.pl,leczycaogloszenia.pl,legionowoogloszenia.pl,legnicanoclegi.pl,legnicaogloszenia.pl,legnicapraca.pl,leskoogloszenia.pl,lesznonoclegi.pl,lesznoogloszenia.pl,lesznopraca.pl,lezajskogloszenia.pl,lidzbarkogloszenia.pl,limanowaogloszenia.pl,lipnoogloszenia.pl,lipskoogloszenia.pl,lobezogloszenia.pl,lodzogloszenia.pl,lodzpraca.pl,lokalneogloszenia.com,lomzanoclegi.pl,lomzapraca.pl,losiceogloszenia.pl,lowiczogloszenia.pl,lubaczowogloszenia.pl,lubanogloszenia.pl,lubartownoclegi.pl,lubartowogloszenia.pl,lubin365.pl,lubinogloszenia.pl,lubinpraca.pl,lublinhotele.pl,lubliniecogloszenia.pl,lubliniecpraca.pl,lublinogloszenia.pl,lublinpraca.pl,lubonogloszenia.pl,lukownoclegi.pl,lukowogloszenia.pl,lwowekslaskiogloszenia.pl,makowmazowieckiogloszenia.pl,malborknoclegi.pl,malborkogloszenia.pl,markiogloszenia.pl,miechowogloszenia.pl,miedzychodogloszenia.pl,miedzyrzeczogloszenia.pl,mielecpraca.pl,mikolajkihotele.pl,mikolajkiogloszenia.pl,mikolowogloszenia.pl,milanoweknoclegi.pl,miliczogloszenia.pl,mlawanoclegi.pl,modlinnoclegi.pl,monkiogloszenia.pl,moragogloszenia.pl,mszczonownoclegi.pl,mysleniceogloszenia.pl,myslenicepraca.pl,mysliborzogloszenia.pl,myslowicepraca.pl,myszkownoclegi.pl,nakloogloszenia.pl,namyslowogloszenia.pl,nidzicaogloszenia.pl,niepolomicenoclegi.pl,niskoogloszenia.pl,noclegialeksandrow.pl,noclegibialapodlaska.pl,noclegibialobrzegi.pl,noclegibialogora.pl,noclegibielawa.pl,noclegiblonie.pl,noclegibobolice.pl,noclegibobolin.pl,noclegibobrka.pl,noclegibochnia.pl,noclegibraniewo.pl,noclegibrenna.pl,noclegibrwinow.pl,noclegibukowina-tatrzanska.pl,noclegibytow.pl,noclegicetniewo.pl,noclegichlapowo.pl,noclegichoczewo.pl,noclegichojnice.pl,noclegiczarna-gora.pl,noclegidabrowa.pl,noclegidunajec.pl,noclegigarwolin.pl,noclegigorakalwaria.pl,noclegigrudziadz.pl,noclegihrubieszow.pl,noclegijaslo.pl,noclegijaworki.pl,noclegijedrzejow.pl,noclegijugow.pl,noclegikedzierzyn.pl,noclegikluczbork.pl,noclegikolistygron.pl,noclegikrasnik.pl,noclegilegionowo.pl,noclegilesko.pl,noclegilezajsk.pl,noclegilidzbark.pl,noclegilimanowa.pl,noclegilomianki.pl,noclegilubaczow.pl,noclegilubawka.pl,noclegilubiatowo.pl,noclegimalinka.pl,noclegimiastko.pl,noclegimiasto.pl,noclegimiedzyrzecz.pl,noclegimielec.pl,noclegiminsk.pl,noclegimyslenice.pl,nocleginadarzyn.pl,nocleginieporet.pl,nocleginosal.pl,nocleginowogard.pl,noclegiolawa.pl,noclegiolesnica.pl,noclegiolkusz.pl,noclegiorzysz.pl,noclegiostroleka.pl,noclegiostrowiec.pl,noclegiostrowmazowiecka.pl,noclegiotwock.pl,noclegipabianice.pl,noclegipiechowice.pl,noclegipiekary.pl,noclegipiotrkow.pl,noclegipiwniczna.pl,noclegiplock.pl,noclegipodkowa.pl,noclegipolczyn.pl,noclegipruszkow.pl,noclegiprzasnysz.pl,noclegipulawy.pl,noclegirabkazdroj.pl,noclegiradzyn.pl,noclegirusinowo.pl,noclegirypin.pl,noclegisanok.pl,noclegisiemiatycze.pl,noclegisierpc.pl,noclegiskarzysko.pl,noclegiskierniewice.pl,noclegisoblowka.pl,noclegisokolka.pl,noclegisokolow.pl,noclegisrebrnagora.pl,noclegisroda.pl,noclegisromowce.pl,noclegistalowawola.pl,noclegistarachowice.pl,noclegistargard.pl,noclegistarszow.pl,noclegistronie.pl,noclegiswarzedz.pl,noclegiswieradow-zdroj.pl,noclegiszczawnik.pl,noclegitarnobrzeg.pl,noclegitczew.pl,noclegitomaszow.pl,noclegitrzebnica.pl,noclegitychy.pl,noclegitylicz.pl,noclegiustrzyki.pl,noclegiwagrowiec.pl,noclegiwarka.pl,noclegiwielun.pl,noclegiwlodawa.pl,noclegiwolsztyn.pl,noclegiwyszkow.pl,noclegizambrow.pl,noclegizawiercie.pl,noclegizawoz.pl,noclegizgierz.pl,noclegizgorzelec.pl,noclegizlotow.pl,noclegiznin.pl,noclegizwolen.pl,nowasologloszenia.pl,nowemiastolubawskieogloszenia.pl,nowogardogloszenia.pl,nowydworgdanskiogloszenia.pl,nowydwormazowieckiogloszenia.pl,nowysacznoclegi.pl,nowysaczogloszenia.pl,nowysaczpraca.pl,nowytargogloszenia.pl,nowytomyslogloszenia.pl,nysanoclegi.pl,nysapraca.pl,obornikiogloszenia.pl,ofertypracyczestochowa.pl,ofertypracyolsztyn.pl,ofertypracyradom.pl,ofertypracyradomsko.pl,ofertypracyszczecin.pl,ofertypracywroclaw.pl,ogloszeniaaleksandrow.pl,ogloszeniabialystok.com,ogloszeniabielsk.pl,ogloszeniablonie.pl,ogloszeniabochnia.pl,ogloszeniabrodnica.pl,ogloszeniabrwinow.pl,ogloszeniachelmno.pl,ogloszeniachojnice.com,ogloszeniadabrowa.pl,ogloszeniadebica.com,ogloszeniadobremiasto.pl,ogloszeniadrezdenko.pl,ogloszeniadzialdowo.pl,ogloszeniaelblag.com,ogloszeniagdansk.com,ogloszeniagdynia.com,ogloszeniagizycko.pl,ogloszeniagrajewo.pl,ogloszeniagrodzisk.pl,ogloszeniagryfino.pl,ogloszeniailawa.com,ogloszeniajarocin.pl,ogloszeniakalisz.com,ogloszeniakatowice.com,ogloszeniakonskie.pl,ogloszeniakoscian.pl,ogloszeniakrosno.com,ogloszenialebork.pl,ogloszenialeczna.pl,ogloszenialomianki.pl,ogloszenialomza.com,ogloszeniamiastko.pl,ogloszeniamielec.com,ogloszeniamilanowek.pl,ogloszeniaminsk.pl,ogloszeniamlawa.pl,ogloszeniamragowo.pl,ogloszeniamszczonow.pl,ogloszeniamyszkow.pl,ogloszenianadarzyn.pl,ogloszenianysa.com,ogloszeniaolecko.pl,ogloszeniaolesnica.com,ogloszeniaolesno.pl,ogloszeniaostrow.pl,ogloszeniaozarow.pl,ogloszeniaozorkow.pl,ogloszeniapiastow.pl,ogloszeniapiekary.pl,ogloszeniaplock.com,ogloszeniapodkowa.pl,ogloszeniapruszcz.pl,ogloszeniaprzasnysz.pl,ogloszeniaprzemysl.com,ogloszeniaradom.com,ogloszeniaskarzysko.pl,ogloszeniaskawina.pl,ogloszeniaskierniewice.pl,ogloszeniaslawno.pl,ogloszeniasrem.pl,ogloszeniasroda.pl,ogloszeniastarachowice.pl,ogloszeniastarogard.pl,ogloszeniaswiebodzin.pl,ogloszeniaswiecie.pl,ogloszeniaszczecin.com,ogloszeniaszczytno.pl,ogloszeniatarnobrzeg.com,ogloszeniatychy.com,ogloszeniawabrzezno.pl,ogloszeniawagrowiec.pl,ogloszeniawegorzewo.pl,ogloszeniawolomin.pl,ogloszeniawroclaw.com,ogloszeniawyszkow.pl,ogloszeniazakopane.com,ogloszeniazambrow.pl,ogloszeniazary.pl,olawaogloszenia.pl,olesnicapraca.pl,olkuszogloszenia.pl,olsztynogloszenia.pl,opatowogloszenia.pl,opocznoogloszenia.pl,opolelubelskieogloszenia.pl,opoleogloszenia.pl,opolepraca.pl,ostrodanoclegi.pl,ostrodaogloszenia.pl,ostrolekaogloszenia.pl,ostrolekapraca.pl,ostrowiecogloszenia.pl,ostrowiecswietokrzyskiogloszenia.pl,ostrownoclegi.pl,ostrowogloszenia.pl,ostrzeszowogloszenia.pl,oswiecimnoclegi.pl,oswiecimogloszenia.pl,otwockogloszenia.pl,ozorkownoclegi.pl,pabianiceogloszenia.pl,pabianicepraca.pl,pajecznoogloszenia.pl,panoramanoclegow.pl,parczewogloszenia.pl,piasecznonoclegi.pl,piasecznoogloszenia.pl,piasecznopraca.pl,piastownoclegi.pl,pilanoclegi.pl,pilaogloszenia.pl,pilapraca.pl,pinczowogloszenia.pl,piotrkowogloszenia.pl,pisznoclegi.pl,piszogloszenia.pl,pleszewogloszenia.pl,plockpraca.pl,plonsknoclegi.pl,plonskogloszenia.pl,poddabienoclegi.pl,poddebiceogloszenia.pl,pokojebialka.pl,pokojebialowieza.pl,pokojeelblag.pl,pokojekazimierzdolny.pl,pokojekutno.pl,pokojelubliniec.pl,pokojeolsztyn.pl,pokojerybnik.pl,pokojeskawina.pl,pokojeswinoujscie.pl,pokojewadowice.pl,pokojewalbrzych.pl,pokojewloclawek.pl,pokojezagan.pl,pokojezator.pl,polczynzdrojogloszenia.pl,policeogloszenia.pl,polkowicenoclegi.pl,polkowiceogloszenia.pl,poznanogloszenia.com,poznanpraca.pl,pracaaleksandrowkujawski.pl,pracaaugustow.pl,pracabaranowo.pl,pracabartoszyce.pl,pracabedzin.pl,pracabialobrzegi.pl,pracabialogard.pl,pracabielanywroclawskie.pl,pracabielskpodlaski.pl,pracabierun.pl,pracabilgoraj.pl,pracablonie.pl,pracaboleslawiec.pl,pracabraniewo.pl,pracabrodnica.pl,pracabrzeg.pl,pracabrzesk.pl,pracabrzeziny.pl,pracabrzozow.pl,pracabuk.pl,pracabusko.pl,pracachelmno.pl,pracachodziez.pl,pracachoszczno.pl,pracachrzanow.pl,pracaciechanow.pl,pracacieszyn.pl,pracaczarnkow.pl,pracaczluchow.pl,pracadabrowatarnowska.pl,pracadlugoleka.pl,pracadopiewo.pl,pracadrawskopomorskie.pl,pracadzialdowo.pl,pracadzierzoniow.pl,pracagadki.pl,pracagarwolin.pl,pracagizycko.pl,pracaglubczyce.pl,pracagoldap.pl,pracagoleniow.pl,pracagolub-dobrzyn.pl,pracagora.pl,pracagorlice.pl,pracagostyn.pl,pracagrajewo.pl,pracagrodziskwielkopolski.pl,pracagrojec.pl,pracagryfice.pl,pracagryfino.pl,pracahajnowka.pl,pracahrubieszow.pl,pracailawa.pl,pracajanowlubelski.pl,pracajaroslaw.pl,pracajaslo.pl,pracajastrzebie.pl,pracajawor.pl,pracajedrzejow.pl,pracajelczlaskowice.pl,pracajeleniagora.pl,pracakamiennagora.pl,pracakamienpomorski.pl,pracakartuzy.pl,pracakatywroclawskie.pl,pracakazimierzawielka.pl,pracakedzierzynkozle.pl,pracakepno.pl,pracaketrzyn.pl,pracaklobuck.pl,pracaklodzko.pl,pracakluczbork.pl,pracakolbuszowa.pl,pracakolno.pl,pracakolo.pl,pracakomorniki.pl,pracakonskie.pl,pracakornik.pl,pracakoscian.pl,pracakoscierzyna.pl,pracakozienice.pl,pracakrapkowice.pl,pracakrasnik.pl,pracakrasnystaw.pl,pracakrosnoodrzanskie.pl,pracakrotoszyn.pl,pracakrynica.pl,pracakutno.pl,pracalancut.pl,pracalask.pl,pracalebork.pl,pracaleczna.pl,pracaleczyca.pl,pracalegionowo.pl,pracalesko.pl,pracalezajsk.pl,pracalidzbarkwarminski.pl,pracalimanowa.pl,pracalipno.pl,pracalipsko.pl,pracalobez.pl,pracalomianki.pl,pracalosice.pl,pracalowicz.pl,pracalubaczow.pl,pracaluban.pl,pracalubartow.pl,pracalubon.pl,pracalukow.pl,pracalwowekslaski.pl,pracamakowmazowiecki.pl,pracamalbork.pl,pracamazury.pl,pracamiastko.pl,pracamiasto.pl,pracamiechow.pl,pracamiedzychod.pl,pracamiedzyrzecz.pl,pracamikolajki.pl,pracamikolow.pl,pracamilanowek.pl,pracamilicz.pl,pracaminsk.pl,pracamlawa.pl,pracamogilno.pl,pracamonki.pl,pracamragowo.pl,pracamszczonow.pl,pracamysliborz.pl,pracamyszkow.pl,pracanaklo.pl,pracanamyslow.pl,pracanidzica.pl,pracanisko.pl,pracanowasol.pl,pracanowemiastolubawskie.pl,pracanowydworgdanski.pl,pracanowydwormazowiecki.pl,pracanowytarg.pl,pracanowytomysl.pl,pracaoborniki.pl,pracaolawa.pl,pracaolecko.pl,pracaolesno.pl,pracaolkusz.pl,pracaolsztynek.pl,pracaopatow.pl,pracaopoczno.pl,pracaopolelubelskie.pl,pracaostroda.pl,pracaostrow.pl,pracaostrowiec.pl,pracaostrowmazowiecka.pl,pracaostrzeszow.pl,pracaoswiecim.pl,pracaotwock.pl,pracaozarow.pl,pracaozarowmazowiecki.pl,pracapajeczno.pl,pracaparczew.pl,pracapiastow.pl,pracapiekary.pl,pracapinczow.pl,pracapiotrkow.pl,pracapisz.pl,pracapleszew.pl,pracaplonsk.pl,pracapoddebice.pl,pracapolice.pl,pracapolkowice.pl,pracaproszowice.pl,pracaprudnik.pl,pracapruszczgdanski.pl,pracapruszkow.pl,pracaprzasnysz.pl,pracaprzeworsk.pl,pracaprzezmierowo.pl,pracaprzysucha.pl,pracapszczyna.pl,pracapuck.pl,pracapultusk.pl,pracapyrzyce.pl,pracarabkazdroj.pl,pracaradziejow.pl,pracaradzynpodlaski.pl,pracarawa.pl,pracarawicz.pl,pracaropczyce.pl,pracarudaslaska.pl,pracaryki.pl,pracarypin.pl,pracasandomierz.pl,pracasanok.pl,pracasejny.pl,pracasepolno.pl,pracasiemianowice.pl,pracasiemiatycze.pl,pracasierpc.pl,pracaskarzyskokamienna.pl,pracaskierniewice.pl,pracaslawno.pl,pracaslubice.pl,pracaslupsk.pl,pracasokolka.pl,pracasokolow.pl,pracasokolowpodlaski.pl,pracasopot.pl,pracasosnowiec.pl,pracasrem.pl,pracasroda.pl,pracasrodaslaska.pl,pracastargard.pl,pracastarogard.pl,pracastaszow.pl,pracastrykow.pl,pracastrzelcekrajenskie.pl,pracastrzelceopolskie.pl,pracastrzelin.pl,pracastrzyzow.pl,pracasuchabeskidzka.pl,pracasuchylas.pl,pracasulecin.pl,pracaswidnik.pl,pracaswidwin.pl,pracaswiebodzin.pl,pracaswiecie.pl,pracaswietochlowice.pl,pracaswinoujscie.pl,pracaszamotuly.pl,pracasztum.pl,pracaszydlowiec.pl,pracatarnowopodgorne.pl,pracatarnowskiegory.pl,pracatomaszowlubelski.pl,pracatrzebnica.pl,pracatuchola.pl,pracaturek.pl,pracatychy.pl,pracaustrzyki.pl,pracawabrzezno.pl,pracawadowice.pl,pracawagrowiec.pl,pracawalcz.pl,pracawegorzewo.pl,pracawegrow.pl,pracawieliczka.pl,pracawielun.pl,pracawieruszow.pl,pracawlodawa.pl,pracawloszczowa.pl,pracawodzislawslaski.pl,pracawolkakosowska.pl,pracawolomin.pl,pracawolow.pl,pracawolsztyn.pl,pracawschowa.pl,pracawysokiemazowieckie.pl,pracawyszkow.pl,pracazabkowice.pl,pracazagan.pl,pracazakopane.pl,pracazambrow.pl,pracazawiercie.pl,pracazdunskawola.pl,pracazlotoryja.pl,pracazlotow.pl,pracaznin.pl,pracazuromin.pl,proszowiceogloszenia.pl,prudnikogloszenia.pl,pruszczgdanskiogloszenia.pl,pruszcznoclegi.pl,pruszkowogloszenia.pl,przemyslnoclegi.pl,przemyslpraca.pl,przeworskogloszenia.pl,przysuchaogloszenia.pl,pszczynaogloszenia.pl,puckogloszenia.pl,pulawyogloszenia.pl,pulawypraca.pl,pultusknoclegi.pl,pultuskogloszenia.pl,pyrzyceogloszenia.pl,raciborznoclegi.pl,raciborzogloszenia.pl,raciborzpraca.pl,radomnoclegi.pl,radomskonoclegi.pl,radomskoogloszenia.pl,radziejowogloszenia.pl,radzyminogloszenia.pl,radzyminpraca.pl,radzynpodlaskiogloszenia.pl,rawamazowieckaogloszenia.pl,rawanoclegi.pl,rawiczogloszenia.pl,ropczyceogloszenia.pl,rudaslaskaogloszenia.pl,rusinowonoclegi.pl,rybnikogloszenia.pl,rybnikpraca.pl,rykiogloszenia.pl,rypinogloszenia.pl,rzeszowogloszenia.com,rzeszowpraca.pl,sandomierzogloszenia.pl,sanokogloszenia.pl,sejnyogloszenia.pl,sepolnokrajenskieogloszenia.pl,serocknoclegi.pl,siedlcenoclegi.pl,siedlceogloszenia.pl,siedlcepraca.pl,siemianowiceogloszenia.pl,siemiatyczeogloszenia.pl,sieradznoclegi.pl,sieradzogloszenia.pl,sieradzpraca.pl,sierpcogloszenia.pl,skawinapraca.pl,slubiceogloszenia.pl,slupcaogloszenia.pl,slupcapraca.pl,slupsknoclegi.pl,slupskogloszenia.pl,sochaczewogloszenia.pl,sochaczewpraca.pl,sokolkaogloszenia.pl,sokolowpodlaskiogloszenia.pl,sopotogloszenia.pl,sosnowiecogloszenia.pl,sremnoclegi.pl,srodaslaskaogloszenia.pl,stalowawolaogloszenia.pl,stalowawolapraca.pl,starachowicepraca.pl,stargardogloszenia.pl,starogardgdanskiogloszenia.pl,staszowogloszenia.pl,strykowogloszenia.pl,strzelcekrajenskieogloszenia.pl,strzelceopolskieogloszenia.pl,strzelinogloszenia.pl,strzyzowogloszenia.pl,suchabeskidzkaogloszenia.pl,sulecinogloszenia.pl,suwalkinoclegi.pl,suwalkiogloszenia.pl,suwalkipraca.pl,swarzedzogloszenia.pl,swarzedzpraca.pl,swidnicaogloszenia.pl,swidnicapraca.pl,swidnikogloszenia.pl,swidwinogloszenia.pl,swietochlowiceogloszenia.pl,swinoujscieogloszenia.pl,szamotulyogloszenia.pl,szczecineknoclegi.pl,szczecinekogloszenia.pl,szczecinekpraca.pl,szczytnonoclegi.pl,szczytnopraca.pl,sztumogloszenia.pl,sztutowonoclegi.pl,szwecjapraca.pl,szydlowiecogloszenia.pl,tanienoclegiaugustow.pl,tanienoclegibelchatow.pl,tanienoclegibialystok.pl,tanienoclegibielskobiala.pl,tanienoclegiczestochowa.pl,tanienoclegijastarnia.pl,tanienoclegikalisz.pl,tanienoclegikarwia.pl,tanienoclegikatowice.pl,tanienoclegikolobrzeg.pl,tanienoclegileba.pl,tanienoclegimiedzyzdroje.pl,tanienoclegipobierowo.pl,tanienoclegirowy.pl,tanienoclegisandomierz.pl,tanienoclegisochaczew.pl,tanienoclegistegna.pl,tanienoclegiswinoujscie.pl,tanienoclegiszczecin.pl,tanienoclegitarnow.pl,tanienoclegitorun.pl,tanienoclegiustka.pl,tanienoclegiwladyslawowo.pl,tanienoclegizielonagora.pl,tarczynogloszenia.pl,tarnobrzegpraca.pl,tarnowogloszenia.com,tarnowpraca.pl,tarnowskiegoryogloszenia.pl,tczewogloszenia.pl,tczewpraca.pl,tomaszowlubelskiogloszenia.pl,tomaszownoclegi.pl,tomaszowogloszenia.pl,tomaszowpraca.pl,torunogloszenia.pl,torunpraca.pl,trew.pl,trzciankaogloszenia.pl,trzebnicaogloszenia.pl,tucholaogloszenia.pl,turekogloszenia.pl,tychyogloszenia.pl,ustrzykidolneogloszenia.pl,wadowiceogloszenia.pl,walbrzychogloszenia.pl,walbrzychpraca.pl,walczogloszenia.pl,warkaogloszenia.pl,warszawaofertypracy.pl,warszawaogloszenia.com,wegorzewonoclegi.pl,wegrowogloszenia.pl,wejherowoogloszenia.pl,wejherowopraca.pl,wieliczkaogloszenia.pl,wielunogloszenia.pl,wieruszowogloszenia.pl,wloclawekogloszenia.pl,wloclawekpraca.pl,wlodawaogloszenia.pl,wloszczowaogloszenia.pl,wodzislawslaskiogloszenia.pl,wolominnoclegi.pl,wolowogloszenia.pl,wolsztynogloszenia.pl,wronkinoclegi.pl,wronkiogloszenia.pl,wrzesniaogloszenia.pl,wrzesniapraca.pl,wschowaogloszenia.pl,wysokiemazowieckieogloszenia.pl,zabkowiceogloszenia.pl,zabrzeogloszenia.pl,zabrzepraca.pl,zaganogloszenia.pl,zamoscnoclegi.pl,zamoscogloszenia.pl,zamoscpraca.pl,zarypraca.pl,zawiercieogloszenia.pl,zdunskawolaogloszenia.pl,zgierzogloszenia.pl,zgierzpraca.pl,zgorzelecogloszenia.pl,zgorzelecpraca.pl,zielonagoraogloszenia.pl,zielonagorapraca.pl,zlotoryjaogloszenia.pl,zlotowogloszenia.pl,zlotystoknoclegi.pl,zninogloszenia.pl,zoryogloszenia.pl,zorypraca.pl,zurominogloszenia.pl,zwolenogloszenia.pl,zyrardowogloszenia.pl,zyrardowpraca.pl,zywiecogloszenia.pl,zywiecpraca.pl",AVAILABILITY,origin.list,2023-07-21 05:12:08.045180
"arturgierada.eu,schrony.eu",AVAILABILITY,origin.list,2023-07-21 05:12:08.784821
"antywirus.biz,translinegroup.pl",AVAILABILITY,origin.list,2023-07-21 05:12:09.312542
"apartamentywkarpaczu.eu,hotelkrynica.eu,nosalowy-dwor.eu",AVAILABILITY,origin.list,2023-07-21 05:12:09.972020
"automotiveceeday.eu,bierhalle.pl,brgl.pl,kartuzy.pl,motosolutions.pl,pks-leszno.pl,uszwejka.pl,visiton.pl,vitberg.com",AVAILABILITY,origin.list,2023-07-21 05:12:10.195649
"areatour.pl,dacter.pl,dlapacjenta.pl,marbo-sport.pl,radentortodonta.pl,uni-tech.pl",AVAILABILITY,origin.list,2023-07-21 05:12:10.206196
"archiwum.starostwolukow.pl,atcdevelopment.pl,ginekolog-darlowo.pl,lek-med.pl,mcm-milicz.pl,salus-siedlce.pl",AVAILABILITY,origin.list,2023-07-21 05:12:10.252139
"arg.gdynia.pl,finai.pl,rankinglekarzy.pl",AVAILABILITY,origin.list,2023-07-21 05:12:10.465413
"bajeczki.org,bezpieczny.blog,bieszczady.pro,darmowekontobankowe.org,dobremiejsce.org,dojczland.info,domjozefa.tv,doradztwoprawne.org,e-niemcy.de,ekocykl.org,ekspedyt.org,emisja.tv,etychy.org,eurowizja.org,expertum.de,farmacja.net,filmowo.co,fundacjawolnosci.org,getlevel.info,icelandnews.is,itvwisla.tv,kamery.live,kamienskie.info,katowice24.info,kooperation-ohne-grenzen.de,kropka.audio,lipnik.org,lowiczanin.info,lwowecki.info,niniwa.org,opinie.co,pink.land,pomozity.org,rankingkont.org,retrotech.blog,rolland.tech,roztocze.net,sekrety-zdrowia.org,wifi-spot.net,wiskitki.org,wnet.fm,wringu.net,wwl24.info,zkaszub.info",AVAILABILITY,origin.list,2023-07-21 05:12:11.492101
"asklepios.pl,dreamswydawnictwo.pl",AVAILABILITY,origin.list,2023-07-21 05:12:11.545394
"aptekarzpolski.pl,opp-ostrow.pl",AVAILABILITY,origin.list,2023-07-21 05:12:11.782669
"aspsklep.pl,bip.izabelin.pl,enerpol.pl,florexpol.eu,gckis.trzebnica.pl,infopodlaskie.pl,klublifestyle.pl,portczystejenergii.pl,pspbieniedzice.szkolnastrona.pl,sgurp.pl,sposiny.szkolnastrona.pl,zslegnickiepole.szkolnastrona.pl,zwolenpowiat.pl",AVAILABILITY,origin.list,2023-07-21 05:12:11.950914
"agatabielen.com,azjatyckibazar.com,edwardorlovski.com,forte.com.pl,lullalove.com,mustasz.com,pantuniestal.com,pl.plsn.eu,rpo.pomorskie.eu,shoplo.com,sofly.club,wiatraczek.nl,zaffiro.shop",AVAILABILITY,origin.list,2023-07-21 05:12:12.022514
"atlascopco.com,ccleaner.com,deezer.com,glovoapp.com,ibood.com,ogloszenia.niedziela.nl,shop.lego.com,tiktok.com",AVAILABILITY,origin.list,2023-07-21 05:12:12.953618
"atelierba.com.pl,e-moda.com.pl",AVAILABILITY,origin.list,2023-07-21 05:12:13.186403
"arnicaapteka.pl,kappahl.com",AVAILABILITY,origin.list,2023-07-21 05:12:13.264786
"automotiveceeday.eu,bierhalle.pl,brgl.pl,kartuzy.pl,motosolutions.pl,pks-leszno.pl,podwawelem.eu,uszwejka.pl,visiton.pl,vitberg.com",AVAILABILITY,origin.list,2023-07-21 05:12:13.758287
"attrader.pl,teatrpalladium.com",AVAILABILITY,origin.list,2023-07-21 05:12:13.855880
"archiconnect.pl,biznesmeblowy.pl,lazienka.pl,mamkuchnie.pl,meble.com.pl,najlepszedomy.pl",AVAILABILITY,origin.list,2023-07-21 05:12:14.432289
"asearch.pl,fundacjapestka.pl,mojbank.pl,wzhkwarszawa.pl",AVAILABILITY,origin.list,2023-07-21 05:12:14.667692
"barki-nicols.pl,jawor24h.pl",AVAILABILITY,origin.list,2023-07-21 05:12:14.831092
"atramentowka.com,atskaner.pl,bingospa.eu,bip.um.rybnik.eu,coremannet.com,firmyinzynieria.com,fotonegatyw.com,meczelive.tv,odmiana.net,starosadeckie.info,szlakwokoltatr.eu,warsztatowski.com,whitervbbit.com,wyczesani.com",AVAILABILITY,origin.list,2023-07-21 05:12:14.974794
"avmarket.eu,delllow.com,dronexpert.eu,drukowanie.net,ethnostudio.eu,interlumen.com,kegel-aj.com,madys.eu,meble-jarocin.com,sprzetjezdziecki.com",AVAILABILITY,origin.list,2023-07-21 05:12:15.195090
"autodealer.pl,daciajaworzno.pl,daciakatowice.pl,daciaswietochlowice.pl,ferrarikatowice.pl,ferrariwarszawa.com,katowice.alpinecars.com,nazaruk.pl,renaultjaworzno.pl,renaultkatowice.pl,renaultrybnik.pl,renaultswietochlowice.pl",AVAILABILITY,origin.list,2023-07-21 05:12:16.104673
"austeria.eu,klementynka.eu,radiorpl.fm",AVAILABILITY,origin.list,2023-07-21 05:12:16.217634
"archiwumbip.chrzypsko.pl,bip.gmina.mserwer.pl,eup.mpips.gov.pl",AVAILABILITY,origin.list,2023-07-21 05:12:16.257890
"avast.com,benevet.ch,hidemyass.com,outride.rs,pay.google.com,pl.depositphotos.com,salzburg.info,trustpilot.com",AVAILABILITY,origin.list,2023-07-21 05:12:16.352243
"autoumowa.pl,finanse.rankomat.pl,komorkomat.pl,sowafinansowa.pl,wakacyjnapolisa.pl,wypowiadamoc.pl",AVAILABILITY,origin.list,2023-07-21 05:12:16.515309
"ataniej.pl,mccom.pl,reactor.pl,yamo.pl",AVAILABILITY,origin.list,2023-07-21 05:12:17.069311
"balladine.com,basspolska.com,koszulkolandia.com,ksiazki-medyczne.eu,mistama.com,nails.silcare.com,ochnik.com,pl.coccodrillo.eu,planetadzwieku.com,prezencik.eu,sklep.charaktery.eu,swiatpaneli.com",AVAILABILITY,origin.list,2023-07-21 05:12:17.475738
"autobaza.pl,automo.pl",AVAILABILITY,origin.list,2023-07-21 05:12:17.492935
"bambino.pl,podworko.nivea.pl",AVAILABILITY,origin.list,2023-07-21 05:12:17.656803
"baldowski.pl,label-magazine.com",AVAILABILITY,origin.list,2023-07-21 05:12:17.791408
"atrakcyjny-kredyt.pl,gotowkadlaciebie.com,gotowkadlafirm.pl",AVAILABILITY,origin.list,2023-07-21 05:12:17.961405
"belriso.com,jogobella.com,milk-tiger.com,monte.com,zott-dairy.com,zottarella.com",AVAILABILITY,origin.list,2023-07-21 05:12:18.682525
"balluff.com,dvb.de,edrone.me,elblag.net,tidal.com",AVAILABILITY,origin.list,2023-07-21 05:12:18.838617
"auto.com.pl,auto.pl,dziel-pasje.pl",AVAILABILITY,origin.list,2023-07-21 05:12:18.998136
"bartix.pl,castle.pl,cds-lider.com.pl,ddwlkp.pl,lo8.poznan.pl,markaw.pl,nowytomysl.pl,pob24.info,polsero.pl,powiat-gniezno.pl,promotor.pl,pzl24.info,szkolapol-ang.pl,tupowstalapolska.pl,wit.com.pl",AVAILABILITY,origin.list,2023-07-21 05:12:19.330830
"autoplaza.com.pl,citycar.com.pl,ford-krosno.pl,ford-lublin.pl,ford.bemo-motors.pl,ford.biacomex.pl,ford.golebiewski.com.pl,gumtree.pl,ursyncar.pl",AVAILABILITY,origin.list,2023-07-21 05:12:19.516204
"bingospa.pl,notino.pl",AVAILABILITY,origin.list,2023-07-21 05:12:19.943379
"balterio.com,pergo.pl,quick-step.com.pl",AVAILABILITY,origin.list,2023-07-21 05:12:19.953522
"aukso.pl,kozy.pl,sygnity.pl",AVAILABILITY,origin.list,2023-07-21 05:12:20.100980
"bip.gmina.mielec.pl,bip.kamiennagora.tensoft.pl",AVAILABILITY,origin.list,2023-07-21 05:12:20.612603
"biblioteki.org,ejournals.eu,ksiegarniainternetowa.co.uk,ksiegarniainternetowa.de,ministerstwogadzetow.com,plakacik.eu,polskaksiegarniainternetowa.eu,swmarcin-jarocin.com,ufs.pt",AVAILABILITY,origin.list,2023-07-21 05:12:20.725385
"biomantis.pl,ecbedzin.pl,enut.pl,euromilk.pl,haloursynow.pl,interprojekt.pl,katarzynatryniszewska.pl,maluchy.pl,mojaolesnica.pl,programatory.com,sedziszow.pl,swiatopon.info,warsztat.pl",AVAILABILITY,origin.list,2023-07-21 05:12:21.125789
"biblioteka.gryfice.eu,davbol.com",AVAILABILITY,origin.list,2023-07-21 05:12:21.205707
"biuro-karier.ug.edu.pl,digitmedia.pl,iloveimg.com,ilovepdf.com,klubowo24.pl,konserwatyzm.pl,mojaplatnosc.pl,szybko.pl",AVAILABILITY,origin.list,2023-07-21 05:12:21.307058
"biomedical.pl,medpytania.pl,mymedic.pl,prawdaobiektywna.pl",AVAILABILITY,origin.list,2023-07-21 05:12:21.990022
"avans.pl,electro.pl",AVAILABILITY,origin.list,2023-07-21 05:12:22.062983
"autos-motos.net,ilewazy.pl,scentre.pl",AVAILABILITY,origin.list,2023-07-21 05:12:22.631407
"bip.org.pl,plocman.pl",AVAILABILITY,origin.list,2023-07-21 05:12:22.656947
"bejeans.pl,hael.pl",AVAILABILITY,origin.list,2023-07-21 05:12:22.673998
"bezowsikow.pl,pirolam.pl,polopiryna.pl,polpharma.pl",AVAILABILITY,origin.list,2023-07-21 05:12:23.209206
"bip.kielce.eu,lasy.gov.pl,wrota-swietokrzyskie.pl",AVAILABILITY,origin.list,2023-07-21 05:12:23.400757
"biotebal.nuorder.pl,biotebal.pl,dbajonerki.pl,ibufen.pl,ibuvit.pl,kadefarm-zdrowie.pl,kaszeligardlo.pl,przewodnikokulistyczny.pl,trenujzpolpharma.pl",AVAILABILITY,origin.list,2023-07-21 05:12:23.612429
"bia.pl,openkontakt.com,szu.pl",AVAILABILITY,origin.list,2023-07-21 05:12:23.680974
"dekoret.pl,sferazabawek.pl,sklep.traktor.com.pl",AVAILABILITY,origin.list,2023-07-21 05:12:23.878198
"bigmar.eu,bombkichoinkowe.czest.pl,choinkisztuczne.biz,illumia.pl,pomocedydaktyczne.biz.pl,romeo.net.pl",AVAILABILITY,origin.list,2023-07-21 05:12:24.773543
"bitcomputer.pl,powiatwegrowski.pl,teletrade-dj.pl",AVAILABILITY,origin.list,2023-07-21 05:12:24.832879
"bieganski.org,grupaazoty.com,requiem-records.com",AVAILABILITY,origin.list,2023-07-21 05:12:24.842446
"bi-polska.pl,delicjapolska.pl",AVAILABILITY,origin.list,2023-07-21 05:12:24.922437
"blendberg.com,zabka.pl",AVAILABILITY,origin.list,2023-07-21 05:12:24.972649
"blikomania.pl,culture.pl,rejestr.io,sso.epf.org.pl,toogoodtogo.pl",AVAILABILITY,origin.list,2023-07-21 05:12:26.029714
"bisset.pl,bmc-switzerland.pl,taurus.info.pl",AVAILABILITY,origin.list,2023-07-21 05:12:26.032155
"blix.pl,libertex.com,tenit.com.pl",AVAILABILITY,origin.list,2023-07-21 05:12:26.110667
"bip.sejmik.kielce.pl,e-pracownie.e-swietokrzyskie.pl,sip-rejestr.e-swietokrzyskie.pl",AVAILABILITY,origin.list,2023-07-21 05:12:26.268270
"bluestilo.com,bytom.com.pl",AVAILABILITY,origin.list,2023-07-21 05:12:26.433359
"bodyfit.pl,proszynski.pl,seriale.co,woda.slupsk.pl,wodociagi.slupsk.pl,zarmen.pl",AVAILABILITY,origin.list,2023-07-21 05:12:27.397641
"business.free-now.com,business.mytaxi.com",AVAILABILITY,origin.list,2023-07-21 05:12:27.506925
"biomet.pl,rapid-recovery.pl",AVAILABILITY,origin.list,2023-07-21 05:12:27.573147
"biznes-firma.pl,ebroker.pl,opinie24.pl",AVAILABILITY,origin.list,2023-07-21 05:12:27.657995
"bydgoszcz.com,cooltura24.co.uk,debica24.eu,getruck.eu,halogorlice.info,kaercher.com,katowice.eu,koscierzyna24.info,limanowa.in,muzeum.rypin.eu,narew.info,olesnica24.com,parkerpen.com,pl.toshibatec.eu,radiomalbork.fm,samochody-poleasingowe.eu,slaskie.travel,slubice.tv,smc.eu,tarnowska.tv,truso.tv,tvdami.eu,wejherowo24.info,wielkabrytaniaonline.co.uk",AVAILABILITY,origin.list,2023-07-21 05:12:27.696171
"budmatauto.pl,dladealera.pl,grupapietrzak.pl,maseratipietrzak.pl",AVAILABILITY,origin.list,2023-07-21 05:12:28.159749
"books.google.pl,play.google.com",AVAILABILITY,origin.list,2023-07-21 05:12:28.454768
"bilka.com.pl,krasnik-okna.pl",AVAILABILITY,origin.list,2023-07-21 05:12:28.669906
"byczdrowym.info,easypaste.org,eco-driving.info,erasmus-entrepreneurs.eu,fakty.nl,fiuka.de,forum.swiateczne.info,halogorlice.info,isokolka.eu,knyszynska.eu,megacennik.eu,pl.bab.la,polishteam.ru,powiatowa.info,radioexpert.net,slupno.eu,spreewald.de,themasterteacher.tv,zanzu.de",AVAILABILITY,origin.list,2023-07-21 05:12:28.914994
"boleslawiec.pl,ekosalus.pl,hop-poz.szczecin.pl,podlogi24.net,powiatboleslawiecki.pl",AVAILABILITY,origin.list,2023-07-21 05:12:28.946037
"bricomarche.pl,szkolkikornickie.pl",AVAILABILITY,origin.list,2023-07-21 05:12:29.057112
"bip.skomlin.akcessnet.net,citymeble.com,historyk.eu,instytuty.drirenaeris.com,konstancin24.eu,konwerter.net,sklep.milicon.eu",AVAILABILITY,origin.list,2023-07-21 05:12:29.270499
"bookmaster.com.pl,ck1.pl",AVAILABILITY,origin.list,2023-07-21 05:12:29.473526
"bryk.pl,interia.pl,pokazywarka.pl",AVAILABILITY,origin.list,2023-07-21 05:12:29.813758
"bilety.arenazabrze.pl,bilety.arka.gdynia.pl,kupbilety.pogonszczecin.pl",AVAILABILITY,origin.list,2023-07-21 05:12:29.865897
"bsmszana.pl,legia.net,starachowice-net.pl,tygodnikzamojski.pl",AVAILABILITY,origin.list,2023-07-21 05:12:30.045892
"bosch-extra.pl,extra-program.pl",AVAILABILITY,origin.list,2023-07-21 05:12:30.277190
"browar.biz,centrumpiwowarstwa.pl",AVAILABILITY,origin.list,2023-07-21 05:12:30.589718
"capri-lublin.pl,stajenkaborek.pl",AVAILABILITY,origin.list,2023-07-21 05:12:30.739441
"cafago.com,tomtop.com",AVAILABILITY,origin.list,2023-07-21 05:12:30.958001
"bosch-do-it.com,bosch-garden.com",AVAILABILITY,origin.list,2023-07-21 05:12:31.120857
"biuro-info.pl,speckable.pl",AVAILABILITY,origin.list,2023-07-21 05:12:31.361459
"bogatyelblag.pl,calcoolator.pl,edefinicje.pl,ignacyloyola.pl",AVAILABILITY,origin.list,2023-07-21 05:12:31.608877
"bugbird.pl,marstudio.pl,pracowniakresek.pl,website4you.com.pl",AVAILABILITY,origin.list,2023-07-21 05:12:31.684948
"campomoderngrill.pl,nasz-gabinet.pl",AVAILABILITY,origin.list,2023-07-21 05:12:32.135542
"bosch-industrial.com,domkorkowy.com,junkers.pl,presta.eu.org",AVAILABILITY,origin.list,2023-07-21 05:12:32.362309
"budimex-nieruchomosci.pl,zoliborzkrasinskiego.pl",AVAILABILITY,origin.list,2023-07-21 05:12:32.438425
"bractwo.ujscie.com.pl,neur.am.put.poznan.pl",AVAILABILITY,origin.list,2023-07-21 05:12:32.583545
"bugwie.com,forum-bron.pl,virtual-it.pl",AVAILABILITY,origin.list,2023-07-21 05:12:32.658584
"bip-biblioteka.michalow.pl,bip-gops.michalow.pl",AVAILABILITY,origin.list,2023-07-21 05:12:32.969646
"buyblo.com,nokautbiznes.pl,nokautdom.pl,nokautdziecko.pl,nokautelektronika.pl,nokautrozrywka.pl,nokautstyl.pl,nokauttrening.pl,nokautzdrowie.pl",AVAILABILITY,origin.list,2023-07-21 05:12:33.245807
"cenka.pl,flowerstory.pl,majstero.pl,medyczny.store",AVAILABILITY,origin.list,2023-07-21 05:12:33.303672
"cavallonero.pl,golembiewscy.pl,heineken.com.pl,mazda.warszawa.pl,mikroznakowanie.pl,perfectclima.pl,puller.com.pl,sprawdzhistorie.pl,sztukalakierowania.pl,sztukawyciszania.pl,zywiec.com.pl",AVAILABILITY,origin.list,2023-07-21 05:12:33.315147
"centrum-marino.com,optegra.com.pl,wroclaw.pl",AVAILABILITY,origin.list,2023-07-21 05:12:33.375100
"cdr.gov.pl,nowemiasteczko.pl",AVAILABILITY,origin.list,2023-07-21 05:12:33.909910
"cda.pl,e-programy.pl,superfilm.pl",AVAILABILITY,origin.list,2023-07-21 05:12:34.286491
"charlizemystery.com,mjakmrowka.pl",AVAILABILITY,origin.list,2023-07-21 05:12:34.326016
"charaktery.eu,rarlab.com",AVAILABILITY,origin.list,2023-07-21 05:12:34.352438
"capap.gugik.gov.pl,geotec.pl,gispartner.pl,radlin.pl",AVAILABILITY,origin.list,2023-07-21 05:12:34.377410
"centrumreklamy.com,imperiumreklamy.com,zielonymail.com",AVAILABILITY,origin.list,2023-07-21 05:12:34.810707
"bywajtu.pl,livesmarter.pl,luszczyce.pl,mazowia.eu",AVAILABILITY,origin.list,2023-07-21 05:12:35.582292
"cropp.com,dombud.eu,ganjamafiashop.com,giftmaker.eu,giorre.com,gorke.eu,hikoki-narzedzia.pl,kameleonbutik.com,laroxy.com,mojeinstalacje.com,navcomm.eu,rebelelectro.com,rockwellautomation.com,sklep-tvsat.com,spacetronik.eu,zbiornikinadeszczowke.com,zeskory.com",AVAILABILITY,origin.list,2023-07-21 05:12:35.596496
"buk.ujk.edu.pl,pro-tech.bydgoszcz.pl,slupsk.pl",AVAILABILITY,origin.list,2023-07-21 05:12:35.749263
"coinroom.com,pizzeria-vendetta.eu,polimex.net,ridgid.eu,sonos.com",AVAILABILITY,origin.list,2023-07-21 05:12:35.815334
"cadvision.pl,ulapodurgiel.pl",AVAILABILITY,origin.list,2023-07-21 05:12:35.875604
"ckis-pruszcz.pl,grodzisk.pl,iaepan.edu.pl,parkwodny.pl,srodaslaska.pl,szkolymedyczne.eu",AVAILABILITY,origin.list,2023-07-21 05:12:36.829476
"carifair.de,glos.live,swiebodzin.eu",AVAILABILITY,origin.list,2023-07-21 05:12:37.006111
"chrzanow.pl,powiat-chrzanowski.pl",AVAILABILITY,origin.list,2023-07-21 05:12:37.064352
"ciam.pl,szczecin.eu",AVAILABILITY,origin.list,2023-07-21 05:12:37.096878
"climateo.pl,wentylacja24.pl",AVAILABILITY,origin.list,2023-07-21 05:12:37.110677
"cannondalebikes.pl,gtbicycles.pl",AVAILABILITY,origin.list,2023-07-21 05:12:38.070333
"buziak.nl,buziak.pl,evai.pl,kochlik.pl,nowaostroleka.pl,webd.pl",AVAILABILITY,origin.list,2023-07-21 05:12:38.331061
"clearchannel.com.pl,mpwik.com.pl,sokolka.com.pl",AVAILABILITY,origin.list,2023-07-21 05:12:38.447248
"bip.gok-nozdrzec.pl,bip.gzeas-nozdrzec.pl,gops-nozdrzec.bip7.pl",AVAILABILITY,origin.list,2023-07-21 05:12:38.468932
"cechradomsko.pl,mebleciesielski.eu,meblegal.com.pl,wiktor.d2.pl",AVAILABILITY,origin.list,2023-07-21 05:12:38.588171
"contentstream.pl,niezlasztuka.net",AVAILABILITY,origin.list,2023-07-21 05:12:39.076115
"ciechocinek.biz,gniewkowo.eu,kantor.aliorbank.pl,ki24.info,nizanskie.info",AVAILABILITY,origin.list,2023-07-21 05:12:39.126017
.eu,AVAILABILITY,origin.list,2023-07-22 05:09:57.215120
.info,AVAILABILITY,origin.list,2023-07-22 05:09:57.260480
.net,AVAILABILITY,origin.list,2023-07-22 05:09:57.332984
.org,AVAILABILITY,origin.list,2023-07-22 05:09:57.964173
.com,AVAILABILITY,origin.list,2023-07-22 05:09:58.152818
